{
  "version": 1,
  "author": "Quincy Cherrelus",
  "editor": "wokwi",
  "parts": [
    {
      "type": "wokwi-pi-pico",
      "id": "pico",
      "top": 0,
      "left": 0,
      "attrs": { "env": "micropython-20230426-v1.20.0" }
    },
    {
      "type": "wokwi-pushbutton",
      "id": "btn1",
      "top": 28.01,
      "left": -122.89,
      "attrs": { "color": "green", "bounce": "0" }
    },
    {
      "type": "wokwi-pir-motion-sensor",
      "id": "pir1",
      "top": -120.8,
      "left": 242.79,
      "attrs": {}
    },
    {
      "type": "wokwi-led",
      "id": "led1",
      "top": 140.77,
      "left": -150.96,
      "attrs": { "color": "yellow" }
    },
    {
      "type": "wokwi-led",
      "id": "led2",
      "top": 88.85,
      "left": -143.97,
      "attrs": { "color": "red" }
    },
    {
      "type": "wokwi-led",
      "id": "led3",
      "top": 207.66,
      "left": -153.96,
      "attrs": { "color": "green" }
    },
    {
      "type": "wokwi-resistor",
      "id": "r1",
      "top": 244.53,
      "left": -109.22,
      "attrs": { "value": "1000" }
    },
    {
      "type": "wokwi-resistor",
      "id": "r2",
      "top": 178.65,
      "left": -98.24,
      "attrs": { "value": "1000" }
    },
    {
      "type": "wokwi-resistor",
      "id": "r3",
      "top": 117.75,
      "left": -107.22,
      "attrs": { "value": "1000" }
    }
  ],
  "connections": [
    [ "btn1:1.r", "pico:GP0", "green", [ "v0" ] ],
    [ "btn1:2.r", "pico:GND.1", "black", [ "h36.08", "v-27.12" ] ],
    [ "pir1:VCC", "pico:VBUS", "red", [ "v0" ] ],
    [ "pir1:OUT", "pico:GP28", "green", [ "v0" ] ],
    [ "pir1:GND", "pico:GND.8", "black", [ "v0" ] ],
    [ "led2:A", "r3:1", "green", [ "v0" ] ],
    [ "r3:2", "pico:GP2", "green", [ "v0" ] ],
    [ "led2:C", "pico:GND.2", "black", [ "v8.6", "h115.54", "v-56.9" ] ],
    [ "led1:A", "r2:1", "green", [ "v0" ] ],
    [ "led1:C", "pico:GND.3", "black", [ "v-38.33", "h120.53", "v-22.96" ] ],
    [ "led3:A", "r1:1", "green", [ "v0" ] ],
    [ "led3:C", "pico:GND.4", "black", [ "v14.58", "h121.54", "v-85.86" ] ],
    [ "r2:2", "pico:GP12", "green", [ "v0" ] ],
    [ "r1:2", "pico:GP15", "green", [ "v0" ] ]
  ],
  "dependencies": {}
}